Workbook

Sheet Assumptions
A1: Brightwater Health Partners · Capacity ROI Model
A2: Input | B2: Value | C2: Source
A3: Licensed med-surg beds (3 hospitals) | B3: 820 | C3: Brightwater bed census
A4: Average discharges per day | B4: 164 | C4: 12-month ADT average
A5: Discharge-to-departure hours today | B5: 5.2 | C5: Pilot baseline
A6: Target discharge-to-departure hours | B6: 3.5 | C6: Agreed success criteria
A7: Contribution margin per surgical case | B7: 2400 | C7: Finance estimate
A8: Share of freed bed-hours converted to surgical cases | B8: 0.08 | C8: Conservative planning assumption
A9: Average inpatient length of stay (hours) | B9: 110 | C9: Finance
A10: Cost per ED boarding hour | B10: 65 | C10: Finance estimate (diversion and staffing)
A11: ED boarding hours per year today | B11: 41000 | C11: Quality dashboard
A12: Expected reduction in boarding hours | B12: 0.2 | C12: Year-one goal
A13: Nurse managers | B13: 38 | C13: Nursing
A14: Hours saved per nurse manager per week | B14: 3 | C14: Pilot target
... A16: Annual Ops Cloud subscription | B16: 212000 | C16: Ridgeline proposal

Sheet ROI
A1: Annual value | B1: Year 1 | C1: Year 2 | D1: Year 3
A2: Bed-hours freed per year | B2: =Assumptions!B4*(Assumptions!B5-Assumptions!B6)*365 | C2: =B2 | D2: =B2
A3: Added surgical cases | B3: =B2*Assumptions!B8/Assumptions!B9 | C3: =B3*1.1 | D3: =C3*1.1
A4: Surgical contribution margin | B4: =B3*Assumptions!B7 | C4: =C3*Assumptions!B7 | D4: =D3*Assumptions!B7
A5: ED boarding cost avoided | B5: =Assumptions!B11*Assumptions!B12*Assumptions!B10 | C5: =B5 | D5: =B5
A6: Nurse manager time recovered | B6: =Assumptions!B13*Assumptions!B14*48*Assumptions!B15 | C6: =B6 | D6: =B6
A7: Total value | B7: =SUM(B4:B6) | C7: =SUM(C4:C6) | D7: =SUM(D4:D6)
A8: Ops Cloud cost | B8: =Assumptions!B16 | C8: =Assumptions!B16 | D8: =Assumptions!B16
A9: Net benefit | B9: =B7-B8 | C9: =C7-C8 | D9: =D7-D8
A10: ROI | B10: =B9/B8 | C10: =C9/C8 | D10: =D9/D8
A11: Payback (months) | B11: =B8/(B7/12)
