Workbook

Sheet Assumptions
A1: Castellan Manufacturing · Business Case
A2: Input | B2: Value | C2: Source
A3: Unplanned downtime cost per year | B3: 2100000 | C3: Castellan Finance
A4: Expected downtime reduction | B4: 0.2 | C4: Customer story benchmark
A5: Analyst hours per week on the nightly roll-up | B5: 30 | C5: Operations
A6: Loaded analyst cost per hour | B6: 55 | C6: Finance
A7: OEM late-delivery penalties per year | B7: 150000 | C7: Customer contracts
A8: Share of penalties avoided at 95% OTD | B8: 1 | C8: Planning assumption
A9: Annual subscription (Option A) | B9: 148500 | C9: Ridgeline proposal
A10: Implementation fee (one time) | B10: 24000 | C10: Ridgeline proposal

Sheet Three-Year ROI
B1: Year 1 | C1: Year 2 | D1: Year 3 | E1: Total
A2: Downtime savings | B2: =Assumptions!B3*Assumptions!B4 | C2: =B2 | D2: =B2 | E2: =SUM(B2:D2)
A3: Analyst time recovered | B3: =Assumptions!B5*Assumptions!B6*52 | C3: =B3 | D3: =B3 | E3: =SUM(B3:D3)
A4: Penalties avoided | B4: =Assumptions!B7*Assumptions!B8 | C4: =B4 | D4: =B4 | E4: =SUM(B4:D4)
A5: Total value | B5: =SUM(B2:B4) | C5: =SUM(C2:C4) | D5: =SUM(D2:D4) | E5: =SUM(E2:E4)
A6: Subscription | B6: =Assumptions!B9 | C6: =Assumptions!B9 | D6: =Assumptions!B9 | E6: =SUM(B6:D6)
A7: Implementation | B7: =Assumptions!B10 | C7: 0 | D7: 0 | E7: =SUM(B7:D7)
A8: Total cost | B8: =B6+B7 | C8: =C6+C7 | D8: =D6+D7 | E8: =SUM(E6:E7)
A9: Net benefit | B9: =B5-B8 | C9: =C5-C8 | D9: =D5-D8 | E9: =E5-E8
A10: ROI | B10: =B9/B8 | C10: =C9/C8 | D10: =D9/D8 | E10: =E9/E8
A11: Payback (months) | B11: =B8/(B5/12)
